Company,Symbol,GICS Sector,GICS Sub-Industry,Headquarters Location,SEC filings,CIK
The Aaron's Company,AAN,Consumer Discretionary,Homefurnishing Retail,"Atlanta, Georgia",view,1821393
"AAON, Inc.",AAON,Industrials,Building Products,"Tulsa, Oklahoma",view,824142
American Assets Trust,AAT,Real Estate,Diversified REITs,"San Diego, California",view,1500217
Ameris Bancorp,ABCB,Financials,Regional Banks,"Atlanta, Georgia",view,351569
Asbury Automotive Group,ABG,Consumer Discretionary,Automotive Retail,"Duluth, Georgia",view,1144980
"ABM Industries, Inc.",ABM,Industrials,Environmental & Facilities Services,"New York City, New York",view,771497
Arbor Realty Trust,ABR,Financials,Mortgage REITs,"Uniondale, New York",view,1253986
"Arcosa, Inc.",ACA,Industrials,Industrial Machinery,"Dallas, Texas",view,1739445
"Axcelis Technologies, Inc.",ACLS,Information Technology,Semiconductor Equipment,"Beverly, Massachusetts",view,1113232
"Adeia, Inc.",ADEA,Information Technology,IT Consulting & Other Services,"San Jose, California",view,1803696
"Adtran, Inc.",ADTN,Information Technology,Communications Equipment,"Huntsville, Alabama",view,926282
Addus HomeCare Corp.,ADUS,Health Care,Health Care Services,"Frisco, Texas",view,1468328
Advanced Energy,AEIS,Information Technology,Semiconductor Equipment,"Denver, Colorado",view,927003
American Equity Investment Life Holding Co.,AEL,Financials,Life & Health Insurance,"Des Moines, Iowa",view,1039828
American Eagle Outfitters,AEO,Consumer Discretionary,Apparel Retail,"Pittsburgh, Pennsylvania",view,919012
Assured Guaranty Ltd.,AGO,Financials,Property & Casualty Insurance,"Hamilton, Bermuda",view,1273813
"Agiliti, Inc.",AGTI,Health Care,Health Care Services,"Eden Prairie, Minnesota",view,1749704
"Agilysys, Inc.",AGYS,Information Technology,Application Software,"Alpharetta, Georgia",view,78749
AdaptHealth Corp.,AHCO,Health Care,Health Care Equipment,"Plymouth Meeting, Pennsylvania",view,1725255
"Armada Hoffler Properties, Inc.",AHH,Real Estate,Diversified REITs,"Virginia Beach, Virginia",view,1569187
Albany International Corp.,AIN,Industrials,Industrial Machinery,"Rochester, New Hampshire",view,819793
AAR CORP.,AIR,Industrials,Aerospace & Defense,"Wood Dale, Illinois",view,1750
Applied Industrial Technologies,AIT,Industrials,Trading Companies & Distributors,"Cleveland, Ohio",view,109563
Aerojet Rocketdyne Holdings,AJRD,Industrials,Aerospace & Defense,"El Segundo, California",view,40888
Acadia Realty Trust,AKR,Real Estate,Retail REITs,"Rye, New York",view,899629
Alexander & Baldwin,ALEX,Real Estate,Diversified REITs,"Honolulu, Hawaii",view,1545654
Alamo Group,ALG,Industrials,Construction Machinery & Heavy Trucks,"Seguin, Texas",view,897077
Allegiant Travel Company,ALGT,Industrials,Airlines,"Summerlin, Nevada",view,1362468
"Alarm.Com, Inc.",ALRM,Financials,Application Software,"Tysons, Virginia",view,1459200
Ambac Financial Group,AMBC,Financials,Property & Casualty Insurance,"New York City, New York",view,874501
AMC Networks,AMCX,Consumer Discretionary,Broadcasting,"New York City, New York",view,1514991
"Apollo Medical Holdings, Inc.",AMEH,Health Care,Health Care Facilities,"Alhambra, California",view,1083446
"Amn Healthcare Services, Inc.",AMN,Health Care,Health Care Services,"Dallas, Texas",view,1142750
"Amphstar Pharmaceuticals, Inc.",AMPH,Health Care,Pharmaceuticals,"Rancho Cucamonga, California",view,1297184
"Amerisafe, Inc.",AMSF,Financials,Property & Casualty Insurance,"DeRidder, Louisiana",view,1018979
American Woodmark Corp.,AMWD,Industrials,Building Products,"Winchester, Virginia",view,794619
"The Andersons, Inc.",ANDE,Consumer Staples,Food Distributors,"Maumee, Ohio",view,821026
Abercrombie & Fitch Company,ANF,Consumer Discretionary,Apparel Retail,"New Albany, Ohio",view,1018840
"Angiodynamics, Inc.",ANGO,Health Care,Health Care Equipment,"Latham, New York",view,1275187
Anika Therapeutics,ANIK,Health Care,Health Care Supplies,"Bedford, Massachusetts",view,898437
"ANI Pharmaceuticals, Inc.",ANIP,Health Care,Pharmaceuticals,"Baudette, Minnesota",view,1023024
Artivion,AORT,Health Care,Health Care Equipment,"Kennesaw, Georgia",view,784199
"Alpha and Omega Semiconductor, Ltd.",AOSL,Information Technology,Semiconductors,"Sunnyvale, California",view,1387467
"Artisan Partners Asset Management, Inc.",APAM,Financials,Asset Management & Custody Banks,"Milwaukee, Wisconsin",view,1517302
"Apogee Enterprises, Inc.",APOG,Industrials,Building Products,"Minneapolis, Minnesota",view,6845
Digital Turbine,APPS,Information Technology,Application Software,"Austin, Texas",view,317788
ArcBest Corp.,ARCB,Industrials,Trucking,"Fort Smith, Arkansas",view,894405
Apollo Commercial Real Estate Finance,ARI,Real Estate,Mortgage REITs,"New York City, New York",view,1467760
Arlo Technologies,ARLO,Information Technology,Communications Equipment,"San Jose, California",view,1736946
Arconic Corp.,ARNC,Materials,Aluminum,"Pittsburgh, Pennsylvania",view,1790982
"Archrock, Inc.",AROC,Energy,Oil & Gas Equipment & Services,"Houston, Texas",view,1389050
Armour Residential REIT,ARR,Real Estate,Mortgage REITs,"Vero Beach, Florida",view,1428205
"Advansix, Inc.",ASIX,Materials,Commodity Chemicals,"Parsippany–Troy Hills, New Jersey",view,1673985
Academy Sports + Outdoors,ASO,Consumer Discretionary,Specialty Stores,"Harris County, Texas",view,1817358
"Astec Industries, Inc.",ASTE,Industrials,Construction Machinery & Heavy Trucks,"Chattanooga, Tennessee",view,792987
"A10 Networks, Inc.",ATEN,Information Technology,Systems Software,"San Jose, California",view,1580808
Adtalem Global Education,ATGE,Consumer Discretionary,Education Services,"Chicago, Illinois",view,730464
ATI Inc.,ATI,Materials,Steel,"Dallas, Texas",view,1018963
"ATN International, Inc.",ATNI,Communication Services,Integrated Telecommunication Services,"Beverly, Massachusetts",view,879585
"Atlantic Union Bankshares, Corp.",AUB,Financials,Regional Banks,"Richmond, Virginia",view,883948
Avista Corporation,AVA,Utilities,Multi-Utilities,"Spokane, Washington",view,104918
"AeroVironment, Inc.",AVAV,Industrials,Aerospace & Defense,"Arlington County, Virginia",view,1368622
American Vanguard Corporation,AVD,Materials,Fertilizers & Agricultural Chemicals,"Newport Beach, California",view,5981
"Avid Technology, Inc.",AVID,Information Technology,"Technology Hardware, Storage & Peripherals","Burlington, Massachusetts",view,896841
"Avanos Medical, Inc.",AVNS,Health Care,Health Care Supplies,"Alpharetta, Georgia",view,1606498
"Avantax, Inc.",AVTA,Financials,Asset Management & Custody Banks,"Coppell, Texas",view,1068875
American States Water Company,AWR,Utilities,Water Utilities,"San Dimas, California",view,1056903
"Axos Financial, Inc.",AX,Financials,Thrifts & Mortgage Finance,"Las Vegas, Nevada",view,1299709
"American Axle & Manufacturing, Inc.",AXL,Consumer Discretionary,Auto Parts & Equipment,"Detroit, Michigan",view,1062231
"AZZ, Inc.",AZZ,Industrials,Heavy Electrical Equipment,"Fort Worth, Texas",view,8947
"Barnes Group, Inc.",B,Industrials,Industrial Machinery,"Bristol, Connecticut",view,9984
"Banc Of California, Inc.",BANC,Financials,Regional Banks,"Santa Ana, California",view,1169770
Bancfirst Corp,BANF,Financials,Diversified Banks,"Oklahoma City, Oklahoma",view,760498
Banner Corporation,BANR,Financials,Regional Banks,"Walla Walla, Washington",view,946673
Boise Cascade,BCC,Industrials,Building Products,"Boise, Idaho",view,1328581
Balchem Corporation,BCPC,Materials,Specialty Chemicals,"Montvale, New Jersey",view,9326
Brandywine Realty Trust,BDN,Real Estate,Office REITs,"Philadelphia, Pennsylvania",view,790816
"Bread Financial Holdings, Inc.",BFH,Financials,Consumer Finance,"Columbus, Ohio",view,1101215
"Saul Centers, Inc.",BFS,Real Estate,Retail REITs,"Bethesda, Maryland",view,907254
B&G Foods,BGS,Consumer Staples,Packaged Foods & Meats,"Parsippany, New Jersey",view,1278027
"Benchmark Electronics, Inc.",BHE,Information Technology,Electronic Manufacturing Services,"Tempe, Arizona",view,863436
"Berkshire Hills Bancorp, Inc.",BHLB,Financials,Regional Banks,"Boston, Massachusetts",view,1108134
"BJ's Restaurants, Inc.",BJRI,Consumer Discretionary,Restaurants,"Huntington Beach, California",view,1013488
"The Buckle, Inc.",BKE,Consumer Discretionary,Apparel Retail,"Kearney, Nebraska",view,885245
"BankUnited, Inc.",BKU,Financials,Thrifts & Mortgage Finance,"Miami Lakes, Florida",view,1504008
"BioLife Solutions, Inc.",BLFS,Health Care,Health Care Supplies,"Bothell, Washington",view,834365
"Bloomin' Brands, Inc.",BLMN,Consumer Discretionary,Restaurants,"Tampa, Florida",view,1546417
"Badger Meter, Inc.",BMI,Information Technology,Electronic Equipment & Instruments,"Milwaukee, Wisconsin",view,9092
Bank of Hawaii,BOH,Financials,Regional Banks,"Honolulu, Hawaii",view,46195
"Boot Barn Holdings, Inc.",BOOT,Consumer Discretionary,Apparel Retail,"Irvine, California",view,1610250
Brady Corporation,BRC,Industrials,Commercial Printing,"Milwaukee, Wisconsin",view,746598
"Brookline Bancorp, Inc.",BRKL,Financials,Regional Banks,"Boston, Massachusetts",view,1049782
"BrightSphere Investment Group, Inc.",BSIG,Financials,Asset Management & Custody Banks,"Boston, Massachusetts",view,1748824
"The Cheesecake Factory, Inc.",CAKE,Consumer Discretionary,Restaurants,"Calabasas, California",view,887596
"Caleres, Inc.",CAL,Consumer Discretionary,Apparel Retail,"Clayton, Missouri",view,14707
"Cal-Maine Foods, Inc.",CALM,Consumer Staples,Packaged Foods & Meats,"Jackson, Mississippi",view,16160
CarGurus,CARG,Consumer Discretionary,Automotive Retail,"Cambridge, Massachusetts",view,1494259
Cars.com,CARS,Communication Services,Interactive Media & Services,"Chicago, Illinois",view,1683606
"Pathward Financial, Inc.",CASH,Financials,Thrifts & Mortgage Finance,"Sioux Falls, South Dakota",view,907471
Cracker Barrel,CBRL,Consumer Discretionary,Restaurants,"Lebanon, Tennessee",view,1067294
"Community Bank System, Inc.",CBU,Financials,Regional Banks,"DeWitt, New York",view,723188
"Cogent Communications Holdings, Inc.",CCOI,Communication Services,Alternative Carriers,"Washington, D.C.",view,1158324
"Cross Country Healthcare, Inc.",CCRN,Health Care,Health Care Services,,view,1141103
"Century Communities, Inc.",CCS,Consumer Discretionary,Homebuilding,,view,1576940
"Consensus Cloud Solutions, Inc.",CCSI,Information Technology,Internet Services & Infrastructure,,view,1866633
"Avid Bioservices, Inc.",CDMO,Health Care,Biotechnology,,view,704562
"CONSOL Energy, Inc.",CEIX,Energy,Coal & Consumable Fuels,"Cecil Township, Pennsylvania",view,1710366
Central Garden & Pet Company,CENT,Consumer Staples,Household Products,,view,887733
Central Garden & Pet Company (Class A),CENTA,Consumer Staples,Household Products,,view,887733
Century Aluminum Company,CENX,Materials,Aluminum,,view,949157
"Certara, Inc.",CERT,Health Care,Health Care Technology,"Princeton, New Jersey",view,1827090
"CEVA, Inc.",CEVA,Information Technology,Semiconductors,"Rockville, Maryland",view,1173489
Capitol Federal Savings Bank,CFFN,Financials,Thrifts & Mortgage Finance,"Topeka, Kansas",view,1490906
City Holding Company,CHCO,Financials,Regional Banks,,view,726854
"Community Healthcare Trust, Inc.",CHCT,Health Care,Health Care REITs,,view,1631569
"Chefs' Warehouse, Inc.",CHEF,Consumer Staples,Food Distributors,,view,1517175
"Coherus BioSciences, Inc.",CHRS,Health Care,Biotechnology,,view,1512762
"Chico's FAS, Inc.",CHS,Consumer Discretionary,Apparel Retail,"Fort Myers, Florida",view,897429
"Chuy's Holdings, Inc.",CHUY,Consumer Discretionary,Restaurants,"Austin, Texas",view,1524931
"CIRCOR International, Inc.",CIR,Industrials,Industrial Machinery,,view,1091883
Civitas Resources,CIVI,Energy,Oil & Gas Exploration & Production,,view,1509589
Core Laboratories,CLB,Energy,Oil & Gas Equipment & Services,"Amsterdam, the Netherlands",view,1000229
Chatham Lodging Trust,CLDT,Real Estate,Hotel & Resort REITs,,view,1476045
"Clearfield, Inc.",CLFD,Information Technology,Communications Equipment,,view,796505
Clearwater Paper Corporation,CLW,Materials,Paper Products,"Spokane, Washington",view,1441236
"Compass Minerals International, Inc.",CMP,Materials,Diversified Metals & Mining,"Overland Park, Kansas",view,1227654
"Cinemark Holdings, Inc.",CNK,Communication Services,Movies & Entertainment,"Plano, Texas",view,1385280
CONMED Corporation,CNMD,Health Care,Health Care Equipment,,view,816956
"Consolidated Communications Holdings, Inc.",CNSL,Communication Services,Integrated Telecommunication Services,"Mattoon, Illinois",view,1304421
"PC Connection, Inc.",CNXN,Information Technology,Technology Distributors,"Merrimack, New Hampshire",view,1050377
"Cohu, Inc.",COHU,Information Technology,Semiconductor Equipment,,view,21535
"Collegium Pharmaceutical, Inc.",COLL,Health Care,Pharmaceuticals,,view,1267565
"Mr. Cooper Group, Inc.",COOP,Financials,Other Diversified Financial Services,"Coppell, Texas",view,933136
Corcept Therapeutics Incorporated,CORT,Health Care,Pharmaceuticals,"Menlo Park, California",view,1088856
Callon Petroleum,CPE,Energy,Oil & Gas Exploration & Production,,view,928022
Central Pacific Financial Corp.,CPF,Financials,Regional Banks,"Honolulu, Hawaii",view,701347
Chesapeake Utilities Corp.,CPK,Utilities,Gas Utilities,"Dover, Delaware",view,19745
"Catalyst Pharmaceuticals Partners, Inc.",CPRX,Health Care,Biotechnology,"Coral Gables, Florida",view,1369568
"Computer Programs and Systems, Inc.",CPSI,Health Care,Health Care Technology,,view,1169445
California Resources Corporation,CRC,Energy,Oil & Gas Exploration & Production,"Los Angeles, California",view,1609253
"Comstock Resources, Inc.",CRK,Energy,Oil & Gas Exploration & Production,"Frisco, Texas",view,23194
"Americas Carmart, Inc.",CRMT,Consumer Discretionary,Automotive Retail,,view,799850
"Cerence, Inc.",CRNC,Information Technology,Application Software,"Burlington, Massachusetts",view,1768267
Carpenter Technology,CRS,Materials,Steel,"Philadelphia, Pennsylvania",view,17843
Corsair Gaming,CRSR,Information Technology,"Technology Hardware, Storage & Peripherals","Milpitas, California",view,1743759
CorVel Corporation,CRVL,Health Care,Health Care Services,"Irvine, California",view,874866
"CSG Systems International, Inc.",CSGS,Information Technology,Data Processing & Outsourced Services,"Greenwood Village, Colorado",view,1005757
Centerspace Trust,CSR,Real Estate,Residential REITs,,view,798359
"Cytek Biosciences, Inc.",CTKB,Health Care,Health Care Equipment,"Fremont, California",view,1831915
"CareTrust REIT, Inc.",CTRE,Real Estate,Health Care REITs,,view,1590717
CTS Corporation,CTS,Information Technology,Electronic Manufacturing Services,,view,26058
"Customers Bancorp, Inc.",CUBI,Financials,Regional Banks,,view,1488813
CVB Financial Corp.,CVBF,Financials,Regional Banks,,view,354647
"Cavco Industries, Inc.",CVCO,Consumer Discretionary,Homebuilding,,view,278166
"Calavo Growers, Inc.",CVGW,Consumer Staples,Packaged Foods & Meats,"Santa Paula, California",view,1133470
"CVR Energy, Inc.",CVI,Energy,Oil & Gas Refining & Marketing,"Sugar Land, Texas",view,1376139
Cushman & Wakefield plc,CWK,Real Estate,Real Estate Services,"Chicago, Illinois",view,1628369
California Water Service Group,CWT,Utilities,Water Utilities,"San Jose, California",view,1035201
CoreCivic,CXW,Industrials,Diversified Support Services,"Brentwood, Tennessee",view,1070985
"Community Health Systems, Inc.",CYH,Health Care,Health Care Facilities,"Franklin, Tennessee",view,1108109
"Cytokinetics, Incorporated",CYTK,Health Care,Biotechnology,"South San Francisco, California",view,1061983
Dana Incorporated,DAN,Consumer Discretionary,Auto Parts & Equipment,"Maumee, Ohio",view,26780
"Designer Brands, Inc.",DBI,Consumer Discretionary,Apparel Retail,"Columbus, Ohio",view,1319947
"Dime Community Bancshares, Inc.",DCOM,Financials,Thrifts & Mortgage Finance,"Hauppauge, New York",view,846617
3D Systems Corporation,DDD,Industrials,Industrial Machinery,"Rock Hill, South Carolina",view,910638
"Easterly Government Properties, Inc.",DEA,Real Estate,Office REITs,,view,1622194
Douglas Emmett,DEI,Real Estate,Office REITs,"Santa Monica, California",view,1364250
"Donnelley Financial Solutions, Inc.",DFIN,Financials,Financial Exchanges & Data,"Chicago, Illinois",view,1669811
Digi International Inc.,DGII,Information Technology,Communications Equipment,"Hopkins, Minnesota",view,854775
"Dine Brands Global, Inc.",DIN,Consumer Discretionary,Restaurants,"Glendale, California",view,49754
Diodes Incorporated,DIOD,Information Technology,Semiconductors,"Plano, Texas",view,29002
Dish Network,DISH,Communication Services,Cable & Satellite,"Meridian, Colorado",view,1001082
Deluxe Corporation,DLX,Industrials,Commercial Printing,"Minneapolis, Minnesota",view,27996
NOW Inc,DNOW,Industrials,Trading Companies & Distributors,,view,1599617
"Dorman Products, Inc.",DORM,Consumer Discretionary,Auto Parts & Equipment,"Colmar, Pennsylvania",view,868780
DiamondRock Hospitality Company,DRH,Real Estate,Hotel & Resort REITs,,view,1298946
Dril-Quip Inc.,DRQ,Energy,Oil & Gas Equipment & Services,,view,1042893
"DoubleVerify Holdings, Inc.",DV,Information Technology,Application Software,"New York City, New York",view,1819928
Dynavax Technologies Corp.,DVAX,Health Care,Biotechnology,,view,1029142
"DXP Enterprises, Inc.",DXPE,Industrials,Trading Companies & Distributors,,view,1020710
"Dycom Industries, Inc.",DY,Industrials,Construction & Engineering,"Palm Beach Gardens, Florida",view,67215
"Brinker International, Inc.",EAT,Consumer Discretionary,Restaurants,"Dallas, Texas",view,703351
"Ebix, Inc.",EBIX,Information Technology,Application Software,,view,814549
Emergent BioSolutions,EBS,Health Care,Biotechnology,"Gaithersburg, Maryland",view,1367644
"Encore Capital Group, Inc.",ECPG,Financials,Consumer Finance,"San Diego, California",view,1084961
"Ellington Financial, Inc.",EFC,Financials,Specialized Finance,,view,1411342
Eagle Bancorp Inc,EGBN,Financials,Regional Banks,"Bethesda, Maryland",view,1050441
"8x8, Inc.",EGHT,Information Technology,Application Software,"Campbell, California",view,1023731
"Enhabit, Inc.",EHAB,Health Care,Health Care Facilities,,view,1803737
"Employers Holdings, Inc.",EIG,Financials,Property & Casualty Insurance,,view,1379041
"e.l.f. Beauty, Inc.",ELF,Consumer Staples,Personal Products,"Oakland, California",view,1600033
Embecta Corp.,EMBC,Health Care,Health Care Equipment,,view,1872789
"Ensign Group, Inc.",ENSG,Health Care,Health Care Facilities,,view,1125376
"Enanta Pharmaceuticals, Inc.",ENTA,Health Care,Biotechnology,,view,1177648
"Enova International, Inc.",ENVA,Financials,Consumer Finance,,view,1529864
Enerpac Tool Group,EPAC,Industrials,Industrial Machinery,"Menomonee Falls, Wisconsin",view,6955
Edgewell Personal Care,EPC,Consumer Staples,Household Products,"Shelton, Connecticut",view,1096752
"Essential Properties Realty Trust, Inc.",EPRT,Real Estate,Diversified REITs,,view,1728951
ESCO Technologies Inc.,ESE,Industrials,Industrial Machinery,,view,866706
"Ethan Allen Interiors, Inc.",ETD,Consumer Discretionary,Home Furnishings,"Danbury, Connecticut",view,896156
"EVERTEC, Inc.",EVTC,Information Technology,Data Processing & Outsourced Services,,view,1559865
"eXp World Holdings, Inc.",EXPI,Real Estate,Real Estate Services,"Bellingham, Washington",view,1495932
"Extreme Networks, Inc.",EXTR,Information Technology,Communications Equipment,"Morrisville, North Carolina",view,1078271
National Vision Holdings,EYE,Consumer Discretionary,Specialty Stores,,view,1710155
"EZCORP, Inc.",EZPW,Financials,Consumer Finance,"Austin, Texas",view,876523
FB Financial Corp.,FBK,Financials,Regional Banks,,view,1649749
First Bancorp (Southern Pines NC),FBNC,Financials,Regional Banks,"Southern Pines, North Carolina",view,811589
First BanCorp (Puerto Rico),FBP,Financials,Regional Banks,"San Juan, Puerto Rico",view,1057706
"Franklin BSP Realty Trust, Inc.",FBRT,Real Estate,Mortgage REITs,,view,1562528
"First Commonwealth Financial, Corp.",FCF,Financials,Regional Banks,"Indiana, Pennsylvania",view,712537
"Four Corners Property Trust, Inc.",FCPT,Real Estate,Specialized REITs,,view,1650132
"Fresh Del Monte Produce, Inc.",FDP,Consumer Staples,Packaged Foods & Meats,"Coral Gables, Florida",view,1047340
Franklin Electric,FELE,Industrials,Industrial Machinery,"Fort Wayne, Indiana",view,38725
FutureFuel Corp.,FF,Materials,Specialty Chemicals,"Clayton, Missouri",view,1337298
First Financial Bancorp.,FFBC,Financials,Regional Banks,"Cincinnati, Ohio",view,708955
"First Hawaiian, Inc.",FHB,Financials,Regional Banks,"Honolulu, Hawaii",view,36377
"Comfort Systems USA, Inc.",FIX,Industrials,Construction & Engineering,"Houston, Texas",view,1035983
National Beverage Corp.,FIZZ,Consumer Staples,Soft Drinks,"Fort Lauderdale, Florida",view,69891
"Fulgent Genetics, Inc.",FLGT,Health Care,Health Care Services,,view,1674930
Fabrinet,FN,Information Technology,Electronic Manufacturing Services,,view,1408710
"FormFactor, Inc.",FORM,Information Technology,Semiconductor Equipment,,view,1039399
"Forrester Research, Inc.",FORR,Industrials,Research & Consulting Services,"Cambridge, Massachusetts",view,1023313
Federal Signal Corporation,FSS,Industrials,Construction Machinery & Heavy Trucks,"Oak Brook, Illinois",view,277509
"Frontdoor, Inc.",FTDR,Consumer Discretionary,Specialized Consumer Services,,view,1727263
"Fortrea Holdings, Inc.",FTRE,Health Care,Biotechnology,"Durham, North Carolina",view,1965040
H.B. Fuller Company,FUL,Materials,Specialty Chemicals,"Vadnais Heights, Minnesota",view,39368
Fulton Financial Corporation,FULT,Financials,Regional Banks,"Lancaster, Pennsylvania",view,700564
Forward Air Corp.,FWRD,Industrials,Air Freight & Logistics,,view,912728
"The Greenbrier Companies, Inc.",GBX,Industrials,Construction Machinery & Heavy Trucks,"Lake Oswego, Oregon",view,923120
Golden Entertainment,GDEN,Consumer Discretionary,Casinos & Gaming,"Enterprise, Nevada",view,1071255
Green Dot Corporation,GDOT,Financials,Consumer Finance,"Austin, Texas",view,1386278
"GEO Group, Inc.",GEO,Industrials,Environmental & Facilities Services,"Boca Raton, Florida",view,923796
"Guess, Inc.",GES,Consumer Discretionary,Apparel Retail,"Los Angeles, California",view,912463
Griffon Corporation,GFF,Industrials,Building Products,"New York City, New York",view,50725
"G-III Apparel Group, Ltd.",GIII,Consumer Discretionary,"Apparel, Accessories & Luxury Goods","New York City, New York",view,821002
Glaukos Corp.,GKOS,Health Care,Health Care Equipment,,view,1192448
"GMS, Inc.",GMS,Industrials,Building Products,,view,1600438
"Global Net Lease, Inc.",GNL,Real Estate,Diversified REITs,,view,1526113
"Genworth Financial, Inc.",GNW,Financials,Multi-line Insurance,"Henrico County, Virginia",view,1276520
"Gogo, Inc.",GOGO,Communication Services,Wireless Telecommunication Services,"Broomfield, Colorado",view,1537054
"Group 1 Automotive, Inc.",GPI,Consumer Discretionary,Automotive Retail,"Houston, Texas",view,1031203
"Green Plains, Inc.",GPRE,Energy,Oil & Gas Refining & Marketing,"Omaha, Nebraska",view,1309402
"Green Brick Partners, Inc.",GRBK,Consumer Discretionary,Homebuilding,,view,1373670
Getty Realty Corp.,GTY,Real Estate,Retail REITs,,view,1052752
"Granite Construction, Inc.",GVA,Industrials,Construction & Engineering,"Watsonville, California",view,861459
"Hawaiian Holdings, Inc.",HA,Industrials,Airlines,"Honolulu, Hawaii",view,1172222
Hanmi Financial Corporation,HAFC,Financials,Regional Banks,"Los Angeles, California",view,1109242
Hain Celestial Group,HAIN,Consumer Staples,Packaged Foods & Meats,"Lake Success, New York",view,910406
"Haynes International, Inc.",HAYN,Materials,Steel,"Kokomo, Indiana",view,858655
Hanesbrands,HBI,Consumer Discretionary,"Apparel, Accessories & Luxury Goods","Winston-Salem, North Carolina",view,1359841
"Warrior Met Coal, Inc.",HCC,Materials,Diversified Metals & Mining,,view,1691303
"HCI Group, Inc.",HCI,Financials,Property & Casualty Insurance,,view,1400810
"Healthcare Services Group, Inc.",HCSG,Industrials,Environmental & Facilities Services,,view,731012
Heritage Financial Corporation,HFWA,Health Care,Regional Banks,,view,1046025
"Hillenbrand, Inc.",HI,Industrials,Industrial Machinery,,view,1417398
"Hibbett Sports, Inc.",HIBB,Consumer Discretionary,Specialty Stores,"Birmingham, Alabama",view,1017480
Harmonic Inc.,HLIT,Information Technology,Communications Equipment,"San Jose, California",view,851310
"Helix Energy Solutions Group, Inc.",HLX,Energy,Oil & Gas Equipment & Services,"Houston, Texas",view,866829
Horace Mann Educators Corporation,HMN,Financials,Multi-line Insurance,"Springfield, Illinois",view,850141
HNI Corporation,HNI,Industrials,Office Services & Supplies,"Muscatine, Iowa",view,48287
"Hope Bancorp, Inc.",HOPE,Financials,Regional Banks,"Koreatown, Los Angeles",view,1128361
Anywhere Real Estate,HOUS,Real Estate,Real Estate Services,"Madison, New Jersey",view,1398987
"Helmerich & Payne, Inc.",HP,Energy,Oil & Gas Drilling,"Tulsa, Oklahoma",view,46765
Hudson Pacific Properties,HPP,Financials,Office REITs,"Los Angeles, California",view,1482512
"Harmony Biosciences Holdings, Inc.",HRMY,Health Care,Biotechnology,,view,1802665
Harsco Corp.,HSC,Industrials,Industrial Machinery,"Camp Hill, Pennsylvania",view,45876
"Heidrick & Struggles International, Inc.",HSII,Industrials,Human Resource & Employment Services,"Chicago, Illinois",view,1066605
"HealthStream, Inc.",HSTM,Health Care,Health Care Technology,,view,1095565
Hilltop Holdings Inc.,HTH,Financials,Regional Banks,"Dallas, Texas",view,1265131
"Heartland Express, Inc.",HTLD,Industrials,Trucking,,view,799233
"Hub Group, Inc.",HUBG,Industrials,Air Freight & Logistics,"Oak Brook, Illinois",view,940942
"Haverty Furniture Companies, Inc.",HVT,Consumer Discretionary,Homefurnishing Retail,"Atlanta, Georgia",view,216085
"Hawkins, Inc.",HWKN,Materials,Commodity Chemicals,,view,46250
"MarineMax, Inc.",HZO,Consumer Discretionary,Specialty Stores,,view,1057060
"Installed Building Products, Inc.",IBP,Consumer Discretionary,Homebuilding,,view,1580905
"Independent Bank Group, Inc.",IBTX,Financials,Regional Banks,,view,1564618
"Ichor Holdings, Ltd.",ICHR,Information Technology,Semiconductor Equipment,,view,1652535
"InterDigital, Inc.",IDCC,Information Technology,Communications Equipment,"Wilmington, Delaware",view,1405495
"Insteel Industries, Inc.",IIIN,Industrials,Building Products,,view,764401
"Innovative Industrial Properties, Inc.",IIPR,Real Estate,Industrial REITs,,view,1677576
Independent Bank Corp.,INDB,Financials,Regional Banks,,view,776901
"Summit Hotel Properties, Inc.",INN,Real Estate,Hotel & Resort REITs,,view,1497645
World Fuel Services Corp,INT,Energy,Oil & Gas Refining & Marketing,"Doral, Florida",view,789460
"Innoviva, Inc.",INVA,Health Care,Pharmaceuticals,,view,1080014
"Innospec, Inc.",IOSP,Materials,Specialty Chemicals,,view,1054905
"Inter Parfums, Inc.",IPAR,Consumer Staples,Personal Products,,view,822663
iRobot Corporation,IRBT,Consumer Discretionary,Household Appliances,"Bedford, Massachusetts",view,1159167
"Ironwood Pharmaceuticals, Inc.",IRWD,Health Care,Pharmaceuticals,"Boston, Massachusetts",view,1446847
Integer Holdings Corporation,ITGR,Health Care,Health Care Equipment,,view,1114483
"Itron, Inc.",ITRI,Information Technology,Electronic Equipment & Instruments,"Liberty Lake, Washington",view,780571
"iTeos Therapeutics, Inc.",ITOS,Health Care,Biotechnology,,view,1808865
"Invesco Mortgage Capital, Inc.",IVR,Real Estate,Mortgage REITs,,view,1437071
Jack in the Box,JACK,Consumer Discretionary,Restaurants,"San Diego, California",view,807882
JBG Smith,JBGS,Real Estate,Office REITs,"Bethesda, Maryland",view,1689796
"John B. Sanfilippo & Son, Inc.",JBSS,Consumer Staples,Packaged Foods & Meats,,view,880117
John Bean Technologies Corporation,JBT,Industrials,Industrial Machinery,"Chicago, Illinois",view,1433660
J&J Snack Foods Corp.,JJSF,Consumer Staples,Packaged Foods & Meats,"Pennsauken Township, New Jersey",view,785956
St. Joe Company,JOE,Real Estate,Real Estate Development,"Panama City Beach, Florida",view,745308
"James River Group Holdings, Ltd.",JRVR,Financials,Property & Casualty Insurance,,view,1620459
Kaiser Aluminum Corporation,KALU,Materials,Aluminum,"Franklin, Tennessee",view,811596
Kaman Corporation,KAMN,Industrials,Trading Companies & Distributors,"Bloomfield, Connecticut",view,54381
KAR Auction Services,KAR,Industrials,Diversified Support Services,,view,1395942
"Kelly Services, Inc.",KELYA,Industrials,Human Resource & Employment Services,"Troy, Michigan",view,55135
Korn/Ferry International,KFY,Industrials,Human Resource & Employment Services,"Los Angeles, California",view,56679
"Kulicke and Soffa Industries, Inc.",KLIC,Information Technology,Semiconductor Equipment,,view,56978
Kennametal,KMT,Industrials,Industrial Machinery,"Pittsburgh, Pennsylvania",view,55242
Knowles Corporation,KN,Information Technology,Electronic Components,,view,1587523
"Koppers Holdings, Inc.",KOP,Materials,Commodity Chemicals,"Pittsburgh, Pennsylvania",view,1315257
"KKR Real Estate Finance Trust, Inc.",KREF,Financials,Mortgage REITs,,view,1631596
Kontoor Brands,KTB,Consumer Discretionary,"Apparel, Accessories & Luxury Goods","Greensboro, North Carolina",view,1760965
"Kennedy-Wilson Holdings, Inc.",KW,Real Estate,Real Estate Services,"Beverly Hills, California",view,1408100
Quaker Chemical Corporation,KWR,Materials,Specialty Chemicals,"Conshohocken, Pennsylvania",view,81362
LCI Industries,LCII,Consumer Discretionary,Auto Parts & Equipment,,view,763744
"Leslie's, Inc.",LESL,Consumer Discretionary,Home Improvement Retail,"Phoenix, Arizona",view,1821806
LGI Homes,LGIH,Consumer Discretionary,Homebuilding,"The Woodlands, Texas",view,1580670
"Ligand Pharmaceuticals, Inc.",LGND,Health Care,Biotechnology,"San Diego, California",view,886163
Lakeland Financial,LKFN,Financials,Diversified Banks,,view,721994
LeMaitre Vascular,LMAT,Health Care,Health Care Equipment,"Burlington, Massachusetts",view,1158895
Lindsay Corporation,LNN,Materials,Agricultural & Farm Machinery,"Omaha, Nebraska",view,836157
Dorian LPG Ltd.,LPG,Energy,Oil & Gas Storage & Transportation,,view,1596993
"Laredo Petroleum, Inc.",LPI,Energy,Oil & Gas Exploration & Production,"Tulsa, Oklahoma",view,1528129
"Liquidity Services, Inc.",LQDT,Industrials,Diversified Support Services,"Bethesda, Maryland",view,1235468
"Stride, Inc.",LRN,Consumer Discretionary,Education Services,"Herndon, Virginia",view,1157408
"LTC Properties, Inc.",LTC,Real Estate,Health Care REITs,,view,887905
Livent Corp.,LTHM,Materials,Diversified Chemicals,,view,1742924
Lumen Technologies,LUMN,Communication Services,Alternative Carriers,"Monroe, Louisiana",view,18926
Lexington Realty Trust,LXP,Real Estate,Diversified REITs,,view,910108
"La-Z-Boy, Inc.",LZB,Consumer Discretionary,Home Furnishings,"Monroe, Michigan",view,57131
Macerich,MAC,Real Estate,Retail REITs,"Santa Monica, California",view,912242
Matthews International Corporation,MATW,Industrials,Diversified Support Services,"Pittsburgh, Pennsylvania",view,63296
"Matson, Inc.",MATX,Industrials,Marine,"Honolulu, Hawaii",view,3453
"MasterBrand, Inc.",MBC,Industrials,Building Products,,view,1941365
Moelis & Company,MC,Financials,Investment Banking & Brokerage,"New York City, New York",view,1596967
"Monarch Casino & Resort, Inc.",MCRI,Consumer Discretionary,Casinos & Gaming,,view,907242
The Marcus Corporation,MCS,Consumer Discretionary,Movies & Entertainment,"Milwaukee, Wisconsin",view,62234
"Mister Car Wash, Inc.",MCW,Consumer Discretionary,Specialized Consumer Services,,view,1853513
Mercury General,MCY,Financials,Property & Casualty Insurance,"Los Angeles, California",view,64996
Mednax,MD,Health Care,Health Care Services,"Sunrise, Florida",view,893949
"M.D.C. Holdings, Inc.",MDC,Consumer Discretionary,Homebuilding,"Denver, Colorado",view,773141
Veradigm,MDRX,Health Care,Health Care Technology,"Chicago, Illinois",view,1124804
"Medifast, Inc.",MED,Consumer Staples,Personal Products,"Baltimore, Maryland",view,910329
"Methode Electronics, Inc.",MEI,Information Technology,Electronic Manufacturing Services,"Chicago, Illinois",view,65270
"Mercer International, Inc.",MERC,Materials,Forest Products,,view,1333274
"MGP Ingredients, Inc.",MGPI,Consumer Staples,Distillers & Vintners,,view,835011
"M/I Homes, Inc.",MHO,Consumer Discretionary,Homebuilding,,view,799292
Mesa Laboratories Inc,MLAB,Health Care,Health Care Equipment,,view,724004
"MillerKnoll, Inc.",MLKN,Industrials,Office Services & Supplies,"Zeeland, Michigan",view,66382
"Mueller Industries, Inc.",MLI,Industrials,Industrial Machinery,,view,89439
"Marcus & Millichap, Inc.",MMI,Real Estate,Real Estate Services,"Calabasas, California",view,1578732
"Merit Medical Systems, Inc.",MMSI,Health Care,Health Care Supplies,,view,856982
"Monro, Inc.",MNRO,Consumer Discretionary,Automotive Retail,"Rochester, New York",view,876427
"Modivcare, Inc.",MODV,Health Care,Health Care Facilities,,view,1220754
Moog Inc.,MOG.A,Industrials,Aerospace & Defense,"Elma, New York",view,67887
"Movado Group, Inc.",MOV,Consumer Discretionary,"Apparel, Accessories & Luxury Goods","Paramus, New Jersey",view,72573
Marten Transport Ltd,MRTN,Industrials,Trucking,,view,799167
Middlesex Water Company,MSEX,Utilities,Water Utilities,"Iselin, New Jersey",view,66004
Meritage Homes Corporation,MTH,Consumer Discretionary,Homebuilding,"Scottsdale, Arizona",view,833079
Materion Corp.,MTRN,Materials,Diversified Metals & Mining,"Mayfield Heights, Ohio",view,1104657
Minerals Technologies,MTX,Materials,Specialty Chemicals,,view,891014
"MaxLinear, Inc.",MXL,Information Technology,Semiconductors,"Carlsbad, California",view,1288469
"Myers Industries, Inc.",MYE,Materials,Metal & Glass Containers,"Akron, Ohio",view,69488
"Myriad Genetics, Inc.",MYGN,Health Care,Biotechnology,"Salt Lake City, Utah",view,899923
"MYR Group, Inc.",MYRG,Industrials,Construction & Engineering,,view,700923
"N-able, Inc.",NABL,Information Technology,Systems Software,"Wilmington, Delaware",view,1834488
Navient,NAVI,Financials,Consumer Finance,"Wilmington, Delaware",view,1593538
National Bank Holdings Corporation,NBHC,Financials,Regional Banks,,view,1475841
"Nabors Industries, Ltd.",NBR,Energy,Oil & Gas Drilling,"Houston, Texas",view,1163739
"NBT Bancorp, Inc.",NBTB,Financials,Regional Banks,"Norwich, New York",view,790359
"NeoGenomics Laboratories, Inc.",NEO,Health Care,Health Care Services,"Fort Myers, Florida",view,1077183
"NexTier Oilfield Solutions, Inc.",NEX,Energy,Oil & Gas Equipment & Services,"Houston, Texas",view,1688476
"Northfield Bancorp, Inc. (Staten Island, NY)",NFBK,Financials,Thrifts & Mortgage Finance,,view,1493225
"Ingevity, Corp.",NGVT,Materials,Specialty Chemicals,"North Charleston, South Carolina",view,1653477
"NMI Holdings, Inc.",NMIH,Financials,Thrifts & Mortgage Finance,"Emeryville, California",view,1547903
"Northern Oil and Gas, Inc.",NOG,Energy,Oil & Gas Exploration & Production,"Minnetonka, Minnesota",view,1104485
"National Presto Industries, Inc.",NPK,Industrials,Aerospace & Defense,"Eau Claire, Wisconsin",view,80172
"EnPro Industries, Inc.",NPO,Industrials,Industrial Machinery,"Charlotte, North Carolina",view,1164863
"Insight Enterprises, Inc.",NSIT,Industrials,Technology Distributors,"Tempe, Arizona",view,932696
"NETSCOUT Systems, Inc.",NTCT,Information Technology,Communications Equipment,"Westford, Massachusetts",view,1078075
"Netgear, Inc.",NTGR,Information Technology,Communications Equipment,"San Jose, California",view,1122904
Nu Skin Enterprises,NUS,Consumer Staples,Personal Products,"Provo, Utah",view,1021561
"NuVasive, Inc.",NUVA,Health Care,Health Care Equipment,"San Diego, California",view,1142596
NV5 Global,NVEE,Industrials,Construction & Engineering,,view,1532961
"Northwest Bancshares, Inc.",NWBI,Financials,Thrifts & Mortgage Finance,"Warren, Pennsylvania",view,1471265
NW Natural,NWN,Utilities,Gas Utilities,"Portland, Oregon",view,1733998
Quanex Building Products Corporation,NX,Industrials,Building Products,,view,1423221
"NextGen Healthcare, Inc.",NXGN,Health Care,Health Care Technology,"Atlanta, Georgia",view,708818
"NexPoint Residential Trust, Inc.",NXRT,Real Estate,Residential REITs,,view,1620393
"New York Mortgage Trust, Inc.",NYMT,Real Estate,Mortgage REITs,,view,1273685
The ODP Corporation,ODP,Consumer Discretionary,Specialty Stores,"Boca Raton, Florida",view,800240
OFG Bancorp,OFG,Financials,Regional Banks,"San Juan, Puerto Rico",view,1030469
"Orthofix Medical, Inc.",OFIX,Health Care,Health Care Equipment,,view,884624
"O-I Glass, Inc.",OI,Materials,Metal & Glass Containers,"Perrysburg, Ohio",view,812074
"Oceaneering International, Inc.",OII,Energy,Oil & Gas Equipment & Services,"Houston, Texas",view,73756
"Oil States International, Inc.",OIS,Energy,Oil & Gas Equipment & Services,"Houston, Texas",view,1121484
"Owens & Minor, Inc.",OMI,Health Care,Health Care Distributors,"Mechanicsville, Virginia",view,75252
"Orion Office REIT, Inc.",ONL,Real Estate,Office REITs,"Phoenix, Arizona",view,1873923
"Onto Innovation, Inc.",ONTO,Information Technology,Semiconductor Equipment,"Wilmington, Massachusetts",view,704532
Office Properties Income Trust,OPI,Real Estate,Office REITs,"Newton, Massachusetts",view,1456772
"OSI Systems, Inc.",OSIS,Information Technology,Electronic Equipment & Instruments,"Hawthorne, California",view,1039065
"OneSpan, Inc.",OSPN,Information Technology,Systems Software,"Chicago, Illinois",view,1044777
"OraSure Technologies, Inc.",OSUR,Health Care,Health Care Supplies,"Bethlehem, Pennsylvania",view,1116463
Otter Tail Corporation,OTTR,Utilities,Electric Utilities,"Fergus Falls, Minnesota",view,1466593
Outfront Media,OUT,Real Estate,Specialized REITs,"New York City, New York",view,1579877
"Oxford Industries, Inc.",OXM,Consumer Discretionary,"Apparel, Accessories & Luxury Goods","Atlanta, Georgia",view,75288
PacWest Bancorp,PACW,Financials,Regional Banks,"Beverly Hills, California",view,1102112
Phibro Animal Health,PAHC,Health Care,Pharmaceuticals,"Teaneck, New Jersey",view,1069899
"Par Pacific Holdings, Inc.",PARR,Energy,Oil & Gas Refining & Marketing,"Houston, Texas",view,821483
Payoneer Global Inc.,PAYO,Information Technology,Data Processing & Outsourced Services,"New York City, New York",view,1845815
"Patrick Industries, Inc.",PATK,Consumer Discretionary,Auto Parts & Equipment,,view,76605
Prestige Consumer Healthcare,PBH,Health Care,Pharmaceuticals,"Tarrytown, New York",view,1295947
"Pitney Bowes, Inc.",PBI,Industrials,Office Services & Supplies,"Stamford, Connecticut",view,78814
"Pacira BioSciences, Inc.",PCRX,Health Care,Pharmaceuticals,,view,1396814
"PDF Solutions, Inc.",PDFS,Information Technology,Semiconductor Equipment,"Santa Clara, California",view,1120914
Pebblebrook Hotel Trust,PEB,Real Estate,Hotel & Resort REITs,"Bethesda, Maryland",view,1474098
Phillips Edison & Company,PECO,Real Estate,Retail REITs,"Cincinnati, Ohio",view,1476204
Preferred Bank,PFBC,Financials,Regional Banks,"Los Angeles, California",view,1492165
"Provident Financial Services, Inc.",PFS,Financials,Thrifts & Mortgage Finance,"Jersey City, New Jersey",view,1178970
"PGT Innovations, Inc.",PGTI,Industrials,Building Products,,view,1354327
"PHINIA, Inc.",PHIN,Consumer Discretionary,Automotive Retail,"Auburn Hills, Michigan",view,1968915
Piper Sandler Companies,PIPR,Financials,Investment Banking & Brokerage,"Minneapolis, Minnesota",view,1230245
"Photronics, Inc.",PLAB,Information Technology,Semiconductor Equipment,"Brookfield, Connecticut",view,810136
"Dave & Buster's Entertainment, Inc.",PLAY,Consumer Discretionary,Restaurants,"Dallas, Texas",view,1525769
"Palomar Holdings, Inc.",PLMR,Financials,Property & Casualty Insurance,,view,1761312
"ePlus, Inc.",PLUS,Information Technology,Technology Distributors,"Herndon, Virginia",view,1022408
Plexus Corp.,PLXS,Information Technology,Electronic Manufacturing Services,,view,785786
PennyMac Mortgage Investment Trust,PMT,Real Estate,Mortgage REITs,,view,1464423
"Powell Industries, Inc.",POWL,Industrials,Electrical Components & Equipment,"Houston, Texas",view,80420
"Pacific Premier Bancorp, Inc.",PPBI,Financials,Regional Banks,"Irvine, California",view,1028918
ProAssurance Corporation,PRA,Financials,Property & Casualty Insurance,"Birmingham, Alabama",view,1127703
"PRA Group, Inc.",PRAA,Financials,Consumer Finance,"Norfolk, Virginia",view,1185348
Perdoceo Education Corp.,PRDO,Consumer Discretionary,Education Services,"Schaumburg, Illinois",view,1046568
"Perficient, Inc.",PRFT,Information Technology,IT Consulting & Other Services,"St. Louis, Missouri",view,1085869
"PROG Holdings, Inc.",PRG,Financials,Consumer Finance,,view,1808834
Progress Software Corporation,PRGS,Information Technology,Systems Software,"Burlington, Massachusetts",view,876167
Park National Corp.,PRK,Financials,Diversified Banks,"Newark, Ohio",view,805676
Protolabs,PRLB,Industrials,Industrial Machinery,"Maple Plain, Minnesota",view,1443669
"Privia Health Group, Inc.",PRVA,Health Care,Health Care Services,"Arlington County, Virginia",view,1759655
PriceSmart,PSMT,Consumer Staples,Hypermarkets & Super Centers,"San Diego, California",view,1041803
"Patterson-UTI Energy, Inc.",PTEN,Energy,Oil & Gas Drilling,"Houston, Texas",view,889900
ProPetro Holding Corp.,PUMP,Energy,Oil & Gas Equipment & Services,,view,1680247
"QuinStreet, Inc.",QNST,Communication Services,Interactive Media & Services,"Foster City, California",view,1117297
uniQure N.V.,QURE,Health Care,Biotechnology,,view,1590560
"LiveRamp Holdings, Inc.",RAMP,Information Technology,Application Software,"San Francisco, California",view,733269
Ready Capital Corp,RC,Financials,Mortgage REITs,,view,1527590
"Rent-A-Center, Inc.",RCII,Consumer Discretionary,Computer & Electronics Retail,"Plano, Texas",view,933036
"Arcus Biosciences, Inc.",RCUS,Health Care,Biotechnology,,view,1724521
"Radian Group, Inc.",RDN,Financials,Property & Casualty Insurance,"Philadelphia, Pennsylvania",view,890926
"RadNet, Inc.",RDNT,Health Care,Health Care Services,"Los Angeles, California",view,790526
"RPC, Inc.",RES,Energy,Oil & Gas Equipment & Services,,view,742278
REX American Resources Corporation,REX,Energy,Oil & Gas Refining & Marketing,"Dayton, Ohio",view,744187
"Resideo Technologies, Inc.",REZI,Industrials,Trading Companies & Distributors,,view,1740332
REGENXBIO Inc.,RGNX,Health Care,Biotechnology,,view,1590877
"Resources Connection, Inc.",RGP,Industrials,Research & Consulting Services,"Irvine, California",view,1084765
"Sturm, Ruger & Company, Inc.",RGR,Consumer Discretionary,Leisure Products,"Southport, Connecticut",view,95029
B. Riley Financial,RILY,Financials,Asset Management & Custody Banks,,view,1464790
"RE/MAX Holdings, Inc.",RMAX,Real Estate,Real Estate Services,"Denver, Colorado",view,1581091
"Rambus, Inc.",RMBS,Information Technology,Semiconductors,"San Jose, California",view,917273
Renasant Corp.,RNST,Financials,Regional Banks,"Tupelo, Mississippi",view,715072
"Gibraltar Industries, Inc.",ROCK,Industrials,Building Products,,view,912562
Rogers Corporation,ROG,Information Technology,Electronic Components,"Chandler, Arizona",view,84748
Retail Opportunity Investments Corp.,ROIC,Real Estate,Retail REITs,,view,1407623
Ramco-Gershenson Properties Trust,RPT,Real Estate,Retail REITs,"New York City, New York",view,842183
"Redwood Trust, Inc.",RWT,Real Estate,Mortgage REITs,,view,930236
"RXO, Inc.",RXO,Industrials,Trucking,"Charlotte, North Carolina",view,1929561
"Safehold, Inc.",SAFE,Real Estate,Specialized REITs,,view,1688852
Sabre,SABR,Information Technology,Data Processing & Outsourced Services,"Southlake, Texas",view,1597033
"Safety Insurance Group, Inc.",SAFT,Financials,Property & Casualty Insurance,,view,1172052
"Sonic Automotive, Inc.",SAH,Consumer Discretionary,Automotive Retail,"Charlotte, North Carolina",view,1043509
Sanmina Corporation,SANM,Information Technology,Electronic Manufacturing Services,"San Jose, California",view,897723
Seacoast Banking Corporation of Florida,SBCF,Financials,Regional Banks,,view,730708
"Sally Beauty Holdings, Inc.",SBH,Consumer Discretionary,Specialty Stores,"Denton, Texas",view,1368458
"Southside Bancshares, Inc.",SBSI,Financials,Regional Banks,,view,705432
Scholastic Corporation,SCHL,Consumer Discretionary,Publishing,"New York City, New York",view,866729
Stepan Company,SCL,Materials,Specialty Chemicals,,view,94049
"ScanSource, Inc.",SCSC,Information Technology,Technology Distributors,,view,918965
"Shoe Carnival, Inc.",SCVL,Consumer Discretionary,Apparel Retail,"Evansville, Indiana",view,895447
"Schrödinger, Inc.",SDGR,Health Care,Health Care Services,"New York City, New York",view,1490978
"Select Medical Holdings, Corp.",SEM,Health Care,Health Care Facilities,"Mechanicsburg, Pennsylvania",view,1320414
"ServisFirst Bancshares, Inc.",SFBS,Financials,Regional Banks,,view,1430723
Simmons First National Corporation,SFNC,Financials,Regional Banks,"Little Rock, Arkansas",view,90498
"SMART Global Holdings, Inc.",SGH,Information Technology,Semiconductors,,view,1616533
"Shake Shack, Inc.",SHAK,Consumer Discretionary,Restaurants,"New York City, New York",view,1620533
Shenandoah Telecommunications Co,SHEN,Communication Services,Wireless Telecommunication Services,"Edinburg, Virginia",view,354963
"Sunstone Hotel Investors, Inc.",SHO,Real Estate,Hotel & Resort REITs,,view,1295810
"Steven Madden, Ltd.",SHOO,Consumer Discretionary,Footwear,"Long Island City, New York",view,913241
Signet Jewelers,SIG,Consumer Discretionary,Specialty Stores,"Akron, Ohio",view,832988
SITE Centers Corp.,SITC,Real Estate,Retail REITs,"Beachwood, Ohio",view,894315
SiTime,SITM,Information Technology,Semiconductors,"Santa Clara, California",view,1451809
Six Flags,SIX,Consumer Discretionary,Leisure Facilities,"Arlington, Texas",view,701374
SJW Group,SJW,Utilities,Water Utilities,"San Jose, California",view,766829
"Tanger Factory Outlet Centers, Inc.",SKT,Real Estate,Retail REITs,"Greensboro, North Carolina",view,899715
"SkyWest, Inc.",SKYW,Industrials,Airlines,"St. George, Utah",view,793733
"U.S. Silica Holdings, Inc.",SLCA,Energy,Oil & Gas Equipment & Services,,view,1524741
SL Green Realty,SLG,Real Estate,Office REITs,"New York City, New York",view,1040971
"Simulations Plus, Inc.",SLP,Health Care,Health Care Technology,"Lancaster, California",view,1023459
Sylvamo Corp.,SLVM,Materials,Paper Products,,view,1856485
SM Energy Company,SM,Energy,Oil & Gas Exploration & Production,"Denver, Colorado",view,893538
"Standard Motor Products, Inc.",SMP,Consumer Discretionary,Auto Parts & Equipment,"Long Island City, New York",view,93389
Simply Good Foods Company,SMPL,Consumer Staples,Packaged Foods & Meats,,view,1702744
Semtech,SMTC,Information Technology,Semiconductors,"Camarillo, California",view,88941
Sleep Number Corporation,SNBR,Consumer Discretionary,Homefurnishing Retail,"Minneapolis, Minnesota",view,827187
Sun Country Airlines,SNCY,Industrials,Airlines,"Minneapolis, Minnesota",view,1743907
StoneX Group Inc.,SNEX,Financials,Investment Banking & Brokerage,,view,913760
"Sonos, Inc.",SONO,Consumer Discretionary,Consumer Electronics,"Santa Barbara, California",view,1314727
Third Point Reinsurance Ltd.,SPNT,Financials,Reinsurance,,view,1576018
"SPS Commerce, Inc.",SPSC,Information Technology,Application Software,"Minneapolis, Minnesota",view,1092699
SpartanNash Company,SPTN,Consumer Staples,Food Distributors,"Byron Center, Michigan",view,877422
SunPower,SPWR,Industrials,Electrical Components & Equipment,"Richmond, California",view,867773
SPX Corporation,SPXC,Industrials,Industrial Machinery,"Charlotte, North Carolina",view,88205
The E.W. Scripps Company,SSP,Consumer Discretionary,Broadcasting,"Cincinnati, Ohio",view,832428
"Shutterstock, Inc.",SSTK,Communication Services,Interactive Media & Services,"New York City, New York",view,1549346
"S&T Bancorp, Inc.",STBA,Financials,Regional Banks,,view,719220
Stewart Information Services Corporation,STC,Financials,Property & Casualty Insurance,"Houston, Texas",view,94344
"Stellar Bancorp, Inc.",STEL,Financials,Regional Banks,,view,1473844
"Strategic Education, Inc.",STRA,Consumer Discretionary,Education Services,"Herndon, Virginia",view,1013934
"Supernus Pharmaceuticals, Inc.",SUPN,Health Care,Pharmaceuticals,,view,1356576
Service Properties Trust,SVC,Real Estate,Specialized REITs,,view,945394
"Schweitzer-Mauduit International, Inc.",SWM,Materials,Paper Products,,view,1000623
"SunCoke Energy, Inc.",SXC,Materials,Steel,,view,1514705
Standex International Corporation,SXI,Industrials,Industrial Machinery,"Salem, New Hampshire",view,310354
"Talos Energy, Inc.",TALO,Energy,Oil & Gas Exploration & Production,"Houston, Texas",view,1724965
"The Bancorp, Inc.",TBBK,Financials,Regional Banks,,view,1295401
"TrueBlue, Inc.",TBI,Industrials,Human Resource & Employment Services,,view,768899
"Triumph Bancorp, Inc.",TBK,Financials,Regional Banks,,view,1539638
"Telephone and Data Systems, Inc.",TDS,Communication Services,Integrated Telecommunication Services,"Chicago, Illinois",view,1051512
"Triumph Group, Inc.",TGI,Industrials,Aerospace & Defense,"Berwyn, Pennsylvania",view,1021162
Gentherm Incorporated,THRM,Consumer Discretionary,Auto Parts & Equipment,"Farmington Hills, MI",view,903129
"Thryv Holdings, Inc.",THRY,Communication Services,Interactive Media & Services,"Dallas, Texas",view,1556739
"TreeHouse Foods, Inc.",THS,Consumer Staples,Packaged Foods & Meats,"Oak Brook, Illinois",view,1320695
"Interface, Inc.",TILE,Industrials,Office Services & Supplies,"Atlanta, Georgia",view,715787
Tompkins Financial Corporation,TMP,Financials,Regional Banks,"Ithaca, New York",view,1005817
TimkenSteel Corporation,TMST,Materials,Steel,,view,1598428
Tennant Company,TNC,Industrials,Industrial Machinery,,view,97134
Tandem Diabetes Care,TNDM,Health Care,Health Care Equipment,"San Diego, California",view,1438133
"Tri Pointe Homes, Inc.",TPH,Consumer Discretionary,Homebuilding,"Incline Village, Nevada",view,1561680
"Tootsie Roll Industries, Inc.",TR,Consumer Staples,Packaged Foods & Meats,"Chicago, Illinois",view,98677
Trustmark Corp.,TRMK,Financials,Regional Banks,"Jackson, Mississippi",view,36146
"Trinity Industries, Inc.",TRN,Industrials,Construction Machinery & Heavy Trucks,"Dallas, Texas",reports,99780
TrustCo Bank Corp NY,TRST,Financials,Thrifts & Mortgage Finance,"Glenville, New York",view,357301
Trupanion,TRUP,Financials,Life & Health Insurance,"Seattle, Washington",view,1371285
Trinseo,TSE,Materials,Specialty Chemicals,"Wayne, Pennsylvania",view,1519061
"TTEC Holdings, Inc.",TTEC,Information Technology,Data Processing & Outsourced Services,,view,1013880
TechTarget,TTGT,Communication Services,Interactive Media & Services,"Newton, Massachusetts",view,1293282
"TTM Technologies, Inc.",TTMI,Information Technology,Electronic Manufacturing Services,,view,1116942
"Titan International, Inc.",TWI,Materials,Agricultural & Farm Machinery,"Quincy, Illinois",view,899751
Hostess Brands,TWNK,Consumer Staples,Packaged Foods & Meats,"Lenexa, Kansas",view,1644406
Two Harbors Investment Corp.,TWO,Financials,Mortgage REITs,,view,1465740
"Urstadt Biddle Properties, Inc.",UBA,Real Estate,Retail REITs,"Greenwich, Connecticut",view,1029800
"United Community Banks, Inc.",UCBI,Financials,Regional Banks,"Greenville, South Carolina",view,857855
"Ultra Clean Holdings, Inc.",UCTT,Information Technology,Semiconductor Equipment,,view,1275014
Urban Edge Properties,UE,Real Estate,Retail REITs,,view,1611547
"United Fire Group, Inc.",UFCS,Financials,Property & Casualty Insurance,,view,101199
"UFP Technologies, Inc.",UFPT,Health Care,Health Care Equipment,"Newburyport, Massachusetts",view,914156
Universal Health Realty Income Trust,UHT,Real Estate,Health Care REITs,,view,798783
UniFirst Corporation,UNF,Industrials,Diversified Support Services,"Wilmington, Massachusetts",view,717954
United Natural Foods Inc,UNFI,Consumer Staples,Food Retail,"Providence, Rhode Island",view,1020859
Uniti Group,UNIT,Real Estate,Specialized REITs,,view,1620280
"Urban Outfitters, Inc.",URBN,Consumer Discretionary,Apparel Retail,"Philadelphia, Pennsylvania",view,912615
"Usana Health Sciences, Inc.",USNA,Consumer Staples,Packaged Foods & Meats,"West Valley City, Utah",view,896264
"U.S. Physical Therapy, Inc.",USPH,Health Care,Health Care Facilities,,view,885978
Unitil Corporation,UTL,Utilities,Electric Utilities,"Hampton, New Hampshire",view,755001
"Universal Insurance Holdings, Inc.",UVE,Financials,Property & Casualty Insurance,,view,891166
Universal Corporation,UVV,Consumer Staples,Tobacco,"Richmond, Virginia",view,102037
"Veritex Holdings, Inc.",VBTX,Financials,Regional Banks,,view,1501570
Vericel,VCEL,Health Care,Biotechnology,"Cambridge, Massachusetts",view,887359
Veeco Instruments Inc.,VECO,Information Technology,Semiconductor Equipment,"Plainview, New York",view,103145
Vector Group,VGR,Consumer Staples,Tobacco,"Miami, Florida",view,59440
VIAVI Solutions,VIAV,Information Technology,Communications Equipment,"Chandler, Arizona",view,912093
"Vir Biotechnology, Inc.",VIR,Health Care,Biotechnology,,view,1706431
Vanda Pharmaceuticals Inc.,VNDA,Health Care,Pharmaceuticals,,view,1347178
"Veris Residential, Inc.",VRE,Real Estate,Office REITs,"Jersey City, New Jersey",view,924901
Varex Imaging Corporation,VREX,Health Care,Health Care Equipment,"Salt Lake City, Utah",view,1681622
Verra Mobility Corporation,VRRM,Information Technology,Data Processing & Outsourced Services,"Mesa, Arizona",view,1682745
"Virtus Investment Partners, Inc.",VRTS,Financials,Asset Management & Custody Banks,"Hartford, Connecticut",view,883237
Veritiv Corporation,VRTV,Industrials,Trading Companies & Distributors,"Atlanta, Georgia",view,1599489
"Viasat, Inc.",VSAT,Information Technology,Communications Equipment,"Carlsbad, California",view,797721
Victoria's Secret,VSCO,Consumer Discretionary,Apparel Retail,"Reynoldsburg, Ohio",view,1856437
Vista Outdoor Inc.,VSTO,Consumer Discretionary,Leisure Products,"Anoka, Minnesota",view,1616318
Bristow Group Inc.,VTOL,Energy,Oil & Gas Equipment & Services,"Aberdeen, Scotland",view,1525221
Viad Corp,VVI,Industrials,Diversified Support Services,"Scottsdale, Arizona",view,884219
Westamerica Bancorporation,WABC,Financials,Regional Banks,"San Rafael, California",view,311094
Washington Federal,WAFD,Financials,Thrifts & Mortgage Finance,"Seattle, Washington",view,936528
"Walker & Dunlop, Inc.",WD,Financials,Thrifts & Mortgage Finance,"Bethesda, Maryland",view,1497770
WD-40 Company,WDFC,Consumer Staples,Household Products,"San Diego, California",view,105132
"WisdomTree Investments, Inc.",WETF,Financials,Asset Management & Custody Banks,"New York City, New York",view,880631
"Winnebago Industries, Inc.",WGO,Consumer Discretionary,Automobile Manufacturers,"Eden Prairie, Minnesota",view,107687
Encore Wire Corporation,WIRE,Industrials,Electrical Components & Equipment,,view,850460
John Wiley & Sons,WLY,Communication Services,Publishing,"Hoboken, New Jersey",view,107140
Wabash National,WNC,Industrials,Construction Machinery & Heavy Trucks,"Lafayette, Indiana",view,879526
Washington Real Estate Investment,WRE,Real Estate,Diversified REITs,,view,104894
World Acceptance Corporation,WRLD,Financials,Consumer Finance,,view,108385
WSFS Financial Corporation,WSFS,Financials,Regional Banks,"Wilmington, Delaware",view,828944
Whitestone REIT,WSR,Real Estate,Retail REITs,,view,1175535
"Wolverine World Wide, Inc.",WWW,Consumer Discretionary,Footwear,"Rockford, Michigan",view,110471
"Xenia Hotels & Resorts, Inc.",XHR,Real Estate,Hotel & Resort REITs,"Orlando, Florida",view,1616000
Xencor Inc,XNCR,Health Care,Biotechnology,,view,1326732
"XPEL, Inc.",XPEL,Consumer Discretionary,Auto Parts & Equipment,,view,1767258
"Xperi, Inc.",XPER,Information Technology,Semiconductor Equipment,"San Jose, California",view,1788999
"Yelp, Inc.",YELP,Communication Services,Interactive Media & Services,"San Francisco, California",view,1345016
"Olympic Steel, Inc.",ZEUS,Materials,Steel,"Cleveland, Ohio",view,917470
"Zynex, Inc.",ZYXI,Health Care,Health Care Equipment,"Meridian, Colorado",view,846475
